image_url,threadNum,annotation,accepted
images/C0150200_r0_w0_2020-02-21_15-30-08.jpg,1,,False
images/C0150200_r0_w0_2020-02-23_02-30-08.jpg,1,,False
images/C0150200_r0_w0_2020-02-23_07-30-08.jpg,1,,False
images/C0150200_r0_w0_2020-02-23_12-30-08.jpg,1,,False
images/C0150200_r0_w0_2020-02-24_08-30-08.jpg,1,,False
images/C0150200_r0_w0_2020-02-24_09-30-08.jpg,1,,False
images/C0150200_r0_w0_2020-02-24_13-30-08.jpg,1,,False
images/C0150200_r0_w0_2020-02-24_16-06-08.jpg,1,,False
images/C0150200_r0_w0_2020-02-24_18-30-08.jpg,1,,False
images/C0150200_r0_w0_2020-02-25_08-18-08.jpg,1,,False
images/C0150200_r0_w0_2020-02-25_08-42-08.jpg,1,,False
images/C0150200_r0_w0_2020-02-25_11-30-08.jpg,1,,False
images/C0150200_r0_w0_2020-02-25_16-06-08.jpg,1,,False
images/C0150200_r0_w0_2020-02-25_17-42-08.jpg,1,,False
images/C0150200_r0_w0_2020-02-26_08-54-08.jpg,1,,False
images/C0150200_r0_w0_2020-02-26_11-54-08.jpg,1,,False
images/C0150200_r0_w0_2020-02-26_15-54-08.jpg,1,,False
images/C0150200_r0_w0_2020-02-26_19-54-08.jpg,1,,False
images/C0150200_r0_w0_2020-02-27_01-54-08.jpg,1,,False
images/C0150200_r0_w0_2020-02-27_19-54-08.jpg,1,,False
images/C0150200_r0_w0_2020-02-28_01-54-08.jpg,1,,False
images/C0150200_r0_w0_2020-02-28_19-54-08.jpg,1,,False
images/C0150200_r0_w0_2020-02-29_01-54-08.jpg,1,,False
images/C0150200_r0_w0_2020-02-29_07-54-08.jpg,1,,False
images/C0150200_r0_w0_2020-02-29_13-54-08.jpg,1,,False
images/C0150200_r0_w0_2020-03-02_13-54-08.jpg,1,,False
images/C0150200_r0_w0_2020-03-03_01-54-08.jpg,1,,False
images/C0150200_r0_w0_2020-03-03_19-54-08.jpg,1,,False
images/C0150200_r0_w0_2020-03-06_07-54-08.jpg,1,,False
images/C0150200_r0_w0_2020-03-06_13-54-08.jpg,1,,False
images/C0150200_r0_w0_2020-03-07_07-54-08.jpg,1,,False
images/C0150200_r0_w0_2020-03-07_13-54-08.jpg,1,,False
images/C0150200_r0_w0_2020-03-08_13-54-08.jpg,1,,False
images/C0150200_r0_w0_2020-03-09_07-54-08.jpg,1,,False
images/C0150200_r0_w0_2020-03-09_13-54-08.jpg,1,,False
images/C0150200_r0_w0_2020-03-10_19-54-08.jpg,1,,False
images/C0150200_r0_w0_2020-03-11_19-54-08.jpg,1,,False
images/C0150200_r0_w0_2020-03-12_07-54-08.jpg,1,,False
images/C0150200_r0_w0_2020-03-12_13-54-08.jpg,1,,False
images/C0150200_r0_w0_2020-03-13_13-54-08.jpg,1,,False
images/C0150200_r0_w0_2020-03-13_19-54-08.jpg,1,,False
images/C0150200_r0_w0_2020-03-14_01-54-08.jpg,1,,False
images/C0150200_r0_w0_2020-03-14_13-54-08.jpg,1,,False
images/C0150200_r0_w0_2020-03-14_19-54-08.jpg,1,,False
images/C0150200_r0_w0_2020-03-15_01-54-08.jpg,1,,False
images/C0150200_r0_w0_2020-03-15_07-54-08.jpg,1,,False
images/C0150200_r0_w0_2020-03-15_13-54-08.jpg,1,,False
images/C0150200_r0_w0_2020-03-16_13-54-08.jpg,1,,False
images/C0150200_r0_w0_2020-03-16_19-54-08.jpg,1,,False
images/C0150200_r0_w0_2020-03-17_01-54-08.jpg,1,,False
images/C0150200_r0_w0_2020-03-17_07-54-08.jpg,1,,False
images/C0150200_r0_w0_2020-03-17_13-54-08.jpg,1,,False
images/C0150200_r0_w0_2020-03-19_19-54-08.jpg,1,,False
images/C0150200_r0_w0_2020-03-20_07-54-08.jpg,1,,False
images/C0150200_r0_w0_2020-03-20_19-54-08.jpg,1,,False
images/C0150200_r0_w0_2020-03-21_01-54-08.jpg,1,,False
images/C0150200_r0_w0_2020-03-21_13-54-08.jpg,1,,False
images/C0150200_r0_w0_2020-03-21_19-54-08.jpg,1,,False
images/C0150200_r0_w0_2020-03-22_01-54-08.jpg,1,,False
images/C0150200_r0_w0_2020-03-22_07-54-08.jpg,1,,False
images/C0150200_r0_w0_2020-03-22_13-54-08.jpg,1,,False
images/C0150200_r0_w0_2020-03-22_19-54-08.jpg,1,,False
images/C0150200_r0_w0_2020-03-23_01-54-08.jpg,1,,False
images/C0150200_r0_w0_2020-03-23_07-54-08.jpg,1,,False
images/C0150200_r0_w0_2020-03-23_13-54-08.jpg,1,,False
images/C0150200_r0_w0_2020-03-23_19-54-08.jpg,1,,False
images/C0150200_r0_w0_2020-03-24_07-54-08.jpg,1,,False
images/C0150200_r0_w0_2020-03-24_13-54-08.jpg,1,,False
images/C0150200_r0_w0_2020-03-24_19-54-08.jpg,1,,False
images/C0150200_r0_w0_2020-03-25_01-54-08.jpg,1,,False
images/C0150200_r0_w0_2020-03-25_07-54-08.jpg,1,,False
images/C0150200_r0_w0_2020-03-25_13-54-08.jpg,1,,False
images/C0150200_r0_w0_2020-03-25_19-54-08.jpg,1,,False
images/C0150200_r0_w0_2020-03-26_01-54-08.jpg,1,,False
images/C0150200_r0_w0_2020-03-26_07-54-08.jpg,1,,False
images/C0150200_r0_w0_2020-03-26_13-54-08.jpg,1,,False
images/C0150200_r0_w0_2020-03-26_19-54-08.jpg,1,,False
images/C0150200_r0_w0_2020-03-27_01-54-08.jpg,1,,False
images/C0150200_r0_w0_2020-03-27_07-54-08.jpg,1,,False
images/C0150200_r0_w0_2020-03-27_13-54-08.jpg,1,,False
images/C0150200_r0_w0_2020-03-27_19-54-08.jpg,1,,False
images/C0150200_r0_w0_2020-03-28_01-54-08.jpg,1,,False
images/C0150200_r0_w0_2020-03-28_07-54-08.jpg,1,,False
images/C0150200_r0_w0_2020-03-28_13-54-08.jpg,1,,False
images/C0150200_r0_w0_2020-03-28_19-54-08.jpg,1,,False
images/C0150200_r0_w0_2020-03-29_01-54-08.jpg,1,,False
images/C0150200_r0_w0_2020-03-29_07-54-08.jpg,1,,False
images/C0150200_r0_w0_2020-03-29_13-54-08.jpg,1,,False
images/C0150200_r0_w0_2020-03-29_19-54-08.jpg,1,,False
images/C0150200_r0_w0_2020-03-30_01-54-08.jpg,1,,False
images/C0150200_r0_w0_2020-03-30_07-54-08.jpg,1,,False
images/C0150200_r0_w0_2020-03-30_13-54-08.jpg,1,,False
images/C0150200_r0_w0_2020-03-30_19-54-08.jpg,1,,False
images/C0150200_r0_w0_2020-03-31_01-54-08.jpg,1,,False
images/C0150200_r0_w0_2020-03-31_07-54-08.jpg,1,,False
images/C0150200_r0_w0_2020-04-01_13-54-08.jpg,1,,False
images/C0150200_r0_w0_2020-04-01_19-54-08.jpg,1,,False
images/C0150200_r0_w0_2020-04-02_13-54-08.jpg,1,,False
images/C0150200_r0_w0_2020-04-03_13-54-08.jpg,1,,False
images/C0150200_r0_w0_2020-04-03_19-54-08.jpg,1,,False
images/C0150200_r0_w0_2020-04-04_01-54-08.jpg,1,,False
images/C0150200_r0_w0_2020-04-04_07-54-08.jpg,1,,False
images/C0150200_r0_w0_2020-04-04_13-54-08.jpg,1,,False
images/C0150200_r0_w0_2020-04-04_19-54-08.jpg,1,,False
images/C0150200_r0_w0_2020-04-05_01-54-08.jpg,1,,False
images/C0150200_r0_w0_2020-04-05_07-54-08.jpg,1,,False
images/C0150200_r0_w0_2020-04-05_13-54-08.jpg,1,,False
images/C0150200_r0_w0_2020-04-05_19-54-08.jpg,1,,False
images/C0150200_r0_w0_2020-04-06_13-54-08.jpg,1,,False
images/C0150200_r0_w0_2020-04-06_19-54-08.jpg,1,,False
images/C0150200_r0_w0_2020-04-07_01-54-08.jpg,1,,False
images/C0150200_r0_w0_2020-04-07_07-54-08.jpg,1,,False
images/C0150200_r0_w0_2020-04-07_13-54-08.jpg,1,,False
images/C0150200_r0_w0_2020-04-08_07-54-08.jpg,1,,False
images/C0150200_r0_w0_2020-04-08_13-54-08.jpg,1,,False
images/C0150200_r0_w0_2020-04-08_19-54-08.jpg,1,,False
images/C0150200_r0_w0_2020-04-09_01-54-08.jpg,1,,False
images/C0150200_r0_w0_2020-04-09_07-54-08.jpg,1,,False
images/C0150200_r0_w0_2020-04-09_13-54-08.jpg,1,,False
images/C0150200_r0_w0_2020-04-09_19-54-08.jpg,1,,False
images/C0150200_r0_w0_2020-04-10_01-54-08.jpg,1,,False
images/C0150200_r0_w0_2020-04-10_07-54-08.jpg,1,,False
images/C0150200_r0_w0_2020-04-10_13-54-08.jpg,1,,False
images/C0150200_r0_w0_2020-04-11_07-54-08.jpg,1,,False
images/C0150200_r0_w0_2020-04-11_13-54-08.jpg,1,,False
images/C0150200_r0_w0_2020-04-11_19-54-08.jpg,1,,False
images/C0150200_r0_w0_2020-04-12_01-54-08.jpg,1,,False
images/C0150200_r0_w0_2020-04-13_03-30-08.jpg,1,,False
images/C0150200_r0_w0_2020-04-14_13-54-08.jpg,1,,False
images/C0150200_r0_w0_2020-04-14_19-54-08.jpg,1,,False
images/C0150200_r0_w0_2020-04-15_01-54-08.jpg,1,,False
images/C0150200_r0_w0_2020-04-15_13-54-08.jpg,1,,False
images/C0150200_r0_w0_2020-04-15_19-54-08.jpg,1,,False
images/C0150200_r0_w0_2020-04-16_13-54-08.jpg,1,,False
images/C0150200_r0_w0_2020-04-17_07-54-08.jpg,1,,False
images/C0150200_r0_w0_2020-04-17_13-54-08.jpg,1,,False
images/C0150200_r0_w0_2020-04-17_19-54-08.jpg,1,,False
images/C0150200_r0_w0_2020-04-18_01-54-08.jpg,1,,False
images/C0150200_r0_w0_2020-04-18_07-54-08.jpg,1,,False
images/C0150200_r0_w0_2020-04-18_13-54-08.jpg,1,,False
images/C0150200_r0_w0_2020-04-19_01-54-08.jpg,1,,False
images/C0150200_r0_w0_2020-04-19_07-54-08.jpg,1,,False
images/C0150200_r0_w0_2020-04-19_13-54-08.jpg,1,,False
images/C0150200_r0_w0_2020-04-19_19-54-08.jpg,1,,False
images/C0150200_r0_w0_2020-04-20_01-54-08.jpg,1,,False
images/C0150200_r0_w0_2020-04-20_07-54-08.jpg,1,,False
images/C0150200_r0_w0_2020-04-20_13-54-08.jpg,1,,False
images/C0150200_r0_w0_2020-04-20_19-54-08.jpg,1,,False
images/C0150200_r0_w0_2020-04-21_01-54-08.jpg,1,,False
images/C0150200_r0_w0_2020-04-21_07-49-19.jpg,1,,False
images/C0150200_r0_w0_2020-04-21_13-49-19.jpg,1,,False
images/C0150200_r0_w0_2020-04-21_19-49-19.jpg,1,,False
images/C0150200_r0_w0_2020-04-22_01-49-19.jpg,1,,False
images/C0150200_r0_w0_2020-04-22_07-58-26.jpg,1,,False
images/C0150200_r0_w0_2020-04-22_13-58-26.jpg,1,,False
images/C0150200_r0_w0_2020-04-22_19-58-26.jpg,1,,False
images/C0150200_r0_w0_2020-04-23_01-58-26.jpg,1,,False
images/C0150200_r0_w0_2020-04-23_07-58-26.jpg,1,,False
images/C0150200_r0_w0_2020-04-23_13-58-26.jpg,1,,False
images/C0150200_r0_w0_2020-04-23_19-58-26.jpg,1,,False
images/C0150200_r0_w0_2020-04-24_01-58-26.jpg,1,,False
images/C0150200_r0_w0_2020-04-24_07-58-26.jpg,1,,False
images/C0150200_r0_w0_2020-04-24_13-58-26.jpg,1,,False
images/C0150200_r0_w0_2020-04-24_19-58-26.jpg,1,,False
images/C0150200_r0_w0_2020-04-25_01-58-26.jpg,1,,False
images/C0150200_r0_w0_2020-04-25_07-58-26.jpg,1,,False
images/C0150200_r0_w0_2020-04-25_13-58-26.jpg,1,,False
images/C0150200_r0_w0_2020-04-25_19-58-26.jpg,1,,False
images/C0150200_r0_w0_2020-04-26_01-58-26.jpg,1,,False
images/C0150200_r0_w0_2020-04-26_07-58-26.jpg,1,,False
images/C0150200_r0_w0_2020-04-26_13-58-26.jpg,1,,False
images/C0150200_r0_w0_2020-04-26_19-58-26.jpg,1,,False
images/C0150200_r0_w0_2020-04-27_01-58-26.jpg,1,,False
images/C0150200_r0_w0_2020-04-27_07-58-26.jpg,1,,False
images/C0150200_r0_w0_2020-04-27_13-58-26.jpg,1,,False
images/C0150200_r0_w0_2020-04-27_19-58-26.jpg,1,,False
images/C0150200_r0_w0_2020-04-28_01-58-26.jpg,1,,False
images/C0150200_r0_w0_2020-04-28_07-58-26.jpg,1,,False
images/C0150200_r0_w0_2020-04-28_13-58-26.jpg,1,,False
images/C0150200_r0_w0_2020-04-29_07-34-26.jpg,1,,False
images/C0150200_r0_w0_2020-04-29_19-58-26.jpg,1,,False
images/C0150200_r0_w0_2020-04-30_00-10-26.jpg,1,,False
images/C0150200_r0_w0_2020-04-30_01-58-26.jpg,1,,False
images/C0150200_r0_w0_2020-04-30_07-58-26.jpg,1,,False
images/C0150200_r0_w0_2020-04-30_13-58-26.jpg,1,,False
images/C0150200_r0_w0_2020-04-30_19-58-26.jpg,1,,False
images/C0150200_r0_w0_2020-05-01_01-58-26.jpg,1,,False
images/C0150200_r0_w0_2020-05-01_07-58-26.jpg,1,,False
images/C0150200_r0_w0_2020-05-01_13-58-26.jpg,1,,False
images/C0150200_r0_w0_2020-05-01_19-58-26.jpg,1,,False
images/C0150200_r0_w0_2020-05-02_01-58-26.jpg,1,,False
images/C0150200_r0_w0_2020-05-02_07-58-26.jpg,1,,False
images/C0150200_r0_w0_2020-05-02_13-58-26.jpg,1,,False
images/C0150200_r0_w0_2020-05-03_13-58-26.jpg,1,,False
images/C0150200_r0_w0_2020-05-03_19-58-26.jpg,1,,False
images/C0150200_r0_w0_2020-05-04_07-58-26.jpg,1,,False
images/C0150200_r0_w0_2020-05-04_13-58-26.jpg,1,,False
images/C0150200_r0_w0_2020-05-04_19-58-26.jpg,1,,False
images/C0150200_r0_w0_2020-05-05_01-58-26.jpg,1,,False
images/C0150200_r0_w0_2020-05-05_07-58-26.jpg,1,,False
images/C0150200_r0_w0_2020-05-05_13-58-26.jpg,1,,False
images/C0150200_r0_w0_2020-05-05_19-58-26.jpg,1,,False
images/C0150200_r0_w0_2020-05-06_01-58-26.jpg,1,,False
images/C0150200_r0_w0_2020-05-06_07-58-26.jpg,1,,False
images/C0150200_r0_w0_2020-05-06_13-58-26.jpg,1,,False
images/C0150200_r0_w0_2020-05-06_19-58-26.jpg,1,,False
images/C0150200_r0_w0_2020-05-07_01-58-26.jpg,1,,False
images/C0150200_r0_w0_2020-05-07_07-58-26.jpg,1,,False
images/C0150200_r0_w0_2020-05-07_13-58-26.jpg,1,,False
images/C0150200_r0_w1_2020-02-25_09-18-08.jpg,1,,False
images/C0150200_r0_w1_2020-02-27_13-54-08.jpg,1,,False
images/C0150200_r0_w1_2020-03-05_07-54-08.jpg,1,,False
images/C0150200_r0_w1_2020-03-15_19-54-08.jpg,1,,False
images/C0150200_r0_w1_2020-03-19_13-54-08.jpg,1,,False
images/C0150200_r0_w1_2020-03-20_13-54-08.jpg,1,,False
images/C0150200_r0_w1_2020-04-06_01-54-08.jpg,1,,False
images/C0150200_r0_w1_2020-04-13_03-30-08.jpg,1,,False
images/C0150200_r0_w4_2020-02-25_09-30-08.jpg,1,,False
images/C0150200_r0_w4_2020-02-27_07-54-08.jpg,1,,False
images/C0150200_r0_w4_2020-02-28_07-54-08.jpg,1,,False
images/C0150200_r0_w4_2020-02-28_13-54-08.jpg,1,,False
images/C0150200_r0_w4_2020-03-14_07-54-08.jpg,1,,False
images/C0150200_r0_w4_2020-03-31_13-54-08.jpg,1,,False
images/C0150200_r1_w0_2020-02-21_20-30-08.jpg,1,,False
images/C0150200_r1_w0_2020-02-22_01-30-08.jpg,1,,False
images/C0150200_r1_w0_2020-02-23_22-30-08.jpg,1,,False
images/C0150200_r1_w0_2020-02-24_23-30-08.jpg,1,,False
images/C0150200_r1_w0_2020-02-25_04-30-08.jpg,1,,False
images/C0150200_r1_w0_2020-02-29_19-54-08.jpg,1,,False
images/C0150200_r1_w0_2020-03-02_19-54-08.jpg,1,,False
images/C0150200_r1_w0_2020-03-03_07-54-08.jpg,1,,False
images/C0150200_r1_w0_2020-03-04_01-54-08.jpg,1,,False
images/C0150200_r1_w0_2020-03-04_07-54-08.jpg,1,,False
images/C0150200_r1_w0_2020-03-04_19-54-08.jpg,1,,False
images/C0150200_r1_w0_2020-03-06_19-54-08.jpg,1,,False
images/C0150200_r1_w0_2020-03-07_01-54-08.jpg,1,,False
images/C0150200_r1_w0_2020-03-07_19-54-08.jpg,1,,False
images/C0150200_r1_w0_2020-03-08_01-54-08.jpg,1,,False
images/C0150200_r1_w0_2020-03-08_07-54-08.jpg,1,,False
images/C0150200_r1_w0_2020-03-08_19-54-08.jpg,1,,False
images/C0150200_r1_w0_2020-03-09_01-54-08.jpg,1,,False
images/C0150200_r1_w0_2020-03-11_01-54-08.jpg,1,,False
images/C0150200_r1_w0_2020-03-17_19-54-08.jpg,1,,False
images/C0150200_r1_w0_2020-03-18_01-54-08.jpg,1,,False
images/C0150200_r1_w0_2020-03-18_07-54-08.jpg,1,,False
images/C0150200_r1_w0_2020-03-19_07-54-08.jpg,1,,False
images/C0150200_r1_w0_2020-03-20_01-54-08.jpg,1,,False
images/C0150200_r1_w0_2020-03-24_01-54-08.jpg,1,,False
images/C0150200_r1_w0_2020-04-02_07-54-08.jpg,1,,False
images/C0150200_r1_w0_2020-04-06_07-54-08.jpg,1,,False
images/C0150200_r1_w0_2020-04-07_19-54-08.jpg,1,,False
images/C0150200_r1_w0_2020-04-11_01-54-08.jpg,1,,False
images/C0150200_r1_w0_2020-04-12_19-54-08.jpg,1,,False
images/C0150200_r1_w0_2020-04-13_01-54-08.jpg,1,,False
images/C0150200_r1_w0_2020-04-13_03-30-08.jpg,1,,False
images/C0150200_r1_w0_2020-04-16_19-54-08.jpg,1,,False
images/C0150200_r1_w0_2020-05-03_01-58-26.jpg,1,,False
images/C0150200_r1_w0_2020-05-03_07-58-26.jpg,1,,False
images/C0150200_r1_w0_2020-05-04_01-58-26.jpg,1,,False
images/C0150200_r1_w1_2020-02-21_13-06-08.jpg,1,,False
images/C0150200_r1_w1_2020-03-02_07-54-08.jpg,1,,False
images/C0150200_r1_w1_2020-03-05_19-54-08.jpg,1,,False
images/C0150200_r1_w1_2020-03-09_19-54-08.jpg,1,,False
images/C0150200_r1_w1_2020-03-18_13-54-08.jpg,1,,False
images/C0150200_r1_w1_2020-04-28_19-58-26.jpg,1,,False
images/C0150200_r1_w4_2020-04-13_03-30-08.jpg,1,,False
images/C0150200_r1_w4_2020-04-29_13-58-26.jpg,1,,False
images/C0150200_r2_w0_2020-03-12_01-54-08.jpg,1,,False
images/C0150200_r2_w0_2020-03-13_01-54-08.jpg,1,,False
images/C0150200_r2_w0_2020-03-19_01-54-08.jpg,1,,False
images/C0150200_r2_w0_2020-04-12_13-54-08.jpg,1,,False
images/C0150200_r2_w1_2020-02-22_06-30-08.jpg,1,,False
images/C0150200_r2_w1_2020-02-22_11-30-08.jpg,1,,False
images/C0150200_r2_w1_2020-02-22_21-30-08.jpg,1,,False
images/C0150200_r2_w1_2020-03-01_19-54-08.jpg,1,,False
images/C0150200_r2_w1_2020-03-03_13-54-08.jpg,1,,False
images/C0150200_r2_w1_2020-03-05_13-54-08.jpg,1,,False
images/C0150200_r2_w1_2020-03-06_01-54-08.jpg,1,,False
images/C0150200_r2_w1_2020-03-10_01-54-08.jpg,1,,False
images/C0150200_r2_w1_2020-03-10_07-54-08.jpg,1,,False
images/C0150200_r2_w1_2020-03-10_13-54-08.jpg,1,,False
images/C0150200_r2_w1_2020-03-11_07-54-08.jpg,1,,False
images/C0150200_r2_w1_2020-03-11_13-54-08.jpg,1,,False
images/C0150200_r2_w1_2020-03-16_07-54-08.jpg,1,,False
images/C0150200_r2_w1_2020-03-18_19-54-08.jpg,1,,False
images/C0150200_r2_w1_2020-04-02_19-54-08.jpg,1,,False
images/C0150200_r2_w1_2020-04-03_01-54-08.jpg,1,,False
images/C0150200_r2_w1_2020-05-02_19-58-26.jpg,1,,False
images/C0150200_r2_w2_2020-04-12_07-54-08.jpg,1,,False
images/C0150200_r2_w4_2020-02-22_16-30-08.jpg,1,,False
images/C0150200_r2_w4_2020-03-12_19-54-08.jpg,1,,False
images/C0150200_r2_w4_2020-04-03_07-54-08.jpg,1,,False
images/C0150200_r2_w5_2020-04-16_01-54-08.jpg,1,,False
images/C0150200_r3_w0_2020-03-01_01-54-08.jpg,1,,False
images/C0150200_r3_w0_2020-03-01_13-54-08.jpg,1,,False
images/C0150200_r3_w0_2020-04-01_01-54-08.jpg,1,,False
images/C0150200_r3_w1_2020-03-02_01-54-08.jpg,1,,False
images/C0150200_r3_w1_2020-03-05_01-54-08.jpg,1,,False
images/C0150200_r3_w1_2020-03-16_01-54-08.jpg,1,,False
images/C0150200_r3_w1_2020-04-16_07-54-08.jpg,1,,False
images/C0150200_r3_w4_2020-03-04_13-54-08.jpg,1,,False
images/C0150200_r3_w4_2020-04-15_07-54-08.jpg,1,,False
images/C0150200_r5_w4_2020-03-31_19-54-08.jpg,1,,False
images/C0150200_r7_w0_2020-02-24_03-30-08.jpg,1,,False
images/C0150200_r7_w0_2020-03-13_07-54-08.jpg,1,,False
images/C0150200_r7_w0_2020-04-01_07-54-08.jpg,1,,False
images/C0150200_r7_w0_2020-04-08_01-54-08.jpg,1,,False
images/C0150200_r7_w0_2020-04-10_19-54-08.jpg,1,,False
images/C0150200_r7_w0_2020-04-17_01-54-08.jpg,1,,False
images/C0150200_r7_w0_2020-04-18_19-54-08.jpg,1,,False
images/C0150200_r7_w1_2020-02-23_17-30-08.jpg,1,,False
images/C0150200_r7_w1_2020-04-29_01-58-26.jpg,1,,False
images/C0150200_r7_w4_2020-03-01_07-54-08.jpg,1,,False
images/C0150200_r7_w4_2020-03-21_07-54-08.jpg,1,,False
images/C0150200_r7_w4_2020-04-02_01-54-08.jpg,1,,False
images/C0150201_r0_w0_2016-12-02_12-12-38.jpg,1,,False
images/C0150201_r0_w1_2016-12-02_12-12-38.jpg,1,,False
images/C0150201_r0_w4_2016-12-02_12-12-38.jpg,1,,False
images/C0150201_r1_w0_2016-12-02_12-12-38.jpg,1,,False
images/C0150201_r1_w1_2016-12-02_12-12-38.jpg,1,,False
images/C0150201_r1_w4_2016-12-02_12-12-38.jpg,1,,False
images/C0150201_r2_w0_2016-12-02_12-12-38.jpg,1,,False
images/C0150201_r2_w1_2016-12-02_12-12-38.jpg,1,,False
images/C0150201_r2_w2_2016-12-02_12-12-38.jpg,1,,False
images/C0150201_r2_w4_2016-12-02_12-12-38.jpg,1,,False
images/C0150201_r2_w5_2016-12-02_12-12-38.jpg,1,,False
images/C0150201_r3_w0_2016-12-02_12-12-38.jpg,1,,False
images/C0150201_r3_w1_2016-12-02_12-12-38.jpg,1,,False
images/C0150201_r3_w4_2016-12-02_12-12-38.jpg,1,,False
images/C0150201_r5_w4_2016-12-02_12-12-38.jpg,1,,False
images/C0150201_r7_w0_2016-12-02_12-12-38.jpg,1,,False
images/C0150201_r7_w1_2016-12-02_12-12-38.jpg,1,,False
images/C0150201_r7_w4_2016-12-02_12-12-38.jpg,1,,False
images/C0150202_r0_w0_2016-12-02_12-12-19.jpg,1,,False
images/C0150202_r0_w1_2016-12-02_12-12-19.jpg,1,,False
images/C0150202_r0_w4_2016-12-02_12-12-19.jpg,1,,False
images/C0150202_r1_w0_2016-12-02_12-12-19.jpg,1,,False
images/C0150202_r1_w1_2016-12-02_12-12-19.jpg,1,,False
images/C0150202_r1_w4_2016-12-02_12-12-19.jpg,1,,False
images/C0150202_r2_w0_2016-12-02_12-12-19.jpg,1,,False
images/C0150202_r2_w1_2016-12-02_12-12-19.jpg,1,,False
images/C0150202_r2_w2_2016-12-02_12-12-19.jpg,1,,False
images/C0150202_r2_w4_2016-12-02_12-12-19.jpg,1,,False
images/C0150202_r2_w5_2016-12-02_12-12-19.jpg,1,,False
images/C0150202_r3_w0_2016-12-02_12-12-19.jpg,1,,False
images/C0150202_r3_w1_2016-12-02_12-12-19.jpg,1,,False
images/C0150202_r3_w4_2016-12-02_12-12-19.jpg,1,,False
images/C0150202_r5_w4_2016-12-02_12-12-19.jpg,1,,False
images/C0150202_r7_w0_2016-12-02_12-12-19.jpg,1,,False
images/C0150202_r7_w1_2016-12-02_12-12-19.jpg,1,,False
images/C0150202_r7_w4_2016-12-02_12-12-19.jpg,1,,False
images/C0150204_r0_w0_2016-12-02_12-12-52.jpg,1,,False
images/C0150204_r0_w1_2016-12-02_12-12-52.jpg,1,,False
images/C0150204_r0_w4_2016-12-02_12-12-52.jpg,1,,False
images/C0150204_r1_w0_2016-12-02_12-12-52.jpg,1,,False
images/C0150204_r1_w1_2016-12-02_12-12-52.jpg,1,,False
images/C0150204_r1_w4_2016-12-02_12-12-52.jpg,1,,False
images/C0150204_r2_w0_2016-12-02_12-12-52.jpg,1,,False
images/C0150204_r2_w1_2016-12-02_12-12-52.jpg,1,,False
images/C0150204_r2_w2_2016-12-02_12-12-52.jpg,1,,False
images/C0150204_r2_w4_2016-12-02_12-12-52.jpg,1,,False
images/C0150204_r2_w5_2016-12-02_12-12-52.jpg,1,,False
images/C0150204_r3_w0_2016-12-02_12-12-52.jpg,1,,False
images/C0150204_r3_w1_2016-12-02_12-12-52.jpg,1,,False
images/C0150204_r3_w4_2016-12-02_12-12-52.jpg,1,,False
images/C0150204_r5_w4_2016-12-02_12-12-52.jpg,1,,False
images/C0150204_r7_w0_2016-12-02_12-12-52.jpg,1,,False
images/C0150204_r7_w1_2016-12-02_12-12-52.jpg,1,,False
images/C0150204_r7_w4_2016-12-02_12-12-52.jpg,1,,False
images/C0150209_r0_w0_2016-12-02_12-12-06.jpg,1,,False
images/C0150209_r0_w1_2016-12-02_12-12-06.jpg,1,,False
images/C0150209_r0_w4_2016-12-02_12-12-06.jpg,1,,False
images/C0150209_r1_w0_2016-12-02_12-12-06.jpg,1,,False
images/C0150209_r1_w1_2016-12-02_12-12-06.jpg,1,,False
images/C0150209_r1_w4_2016-12-02_12-12-06.jpg,1,,False
images/C0150209_r2_w0_2016-12-02_12-12-06.jpg,1,,False
images/C0150209_r2_w1_2016-12-02_12-12-06.jpg,1,,False
images/C0150209_r2_w2_2016-12-02_12-12-06.jpg,1,,False
images/C0150209_r2_w4_2016-12-02_12-12-06.jpg,1,,False
images/C0150209_r2_w5_2016-12-02_12-12-06.jpg,1,,False
images/C0150209_r3_w0_2016-12-02_12-12-06.jpg,1,,False
images/C0150209_r3_w1_2016-12-02_12-12-06.jpg,1,,False
images/C0150209_r3_w4_2016-12-02_12-12-06.jpg,1,,False
images/C0150209_r5_w4_2016-12-02_12-12-06.jpg,1,,False
images/C0150209_r7_w0_2016-12-02_12-12-06.jpg,1,,False
images/C0150209_r7_w1_2016-12-02_12-12-06.jpg,1,,False
images/C0150209_r7_w4_2016-12-02_12-12-06.jpg,1,,False
images/C0150301_r0_w0_2020-02-23_17-23-00.jpg,1,,False
images/C0150301_r0_w0_2020-02-24_08-23-00.jpg,1,,False
images/C0150301_r0_w0_2020-02-24_09-35-00.jpg,1,,False
images/C0150301_r0_w0_2020-02-24_13-23-00.jpg,1,,False
images/C0150301_r0_w0_2020-02-24_16-11-00.jpg,1,,False
images/C0150301_r0_w0_2020-02-24_18-23-00.jpg,1,,False
images/C0150301_r0_w0_2020-02-24_23-23-00.jpg,1,,False
images/C0150301_r0_w0_2020-02-25_04-23-00.jpg,1,,False
images/C0150301_r0_w0_2020-02-25_08-10-01.jpg,1,,False
images/C0150301_r0_w0_2020-02-25_08-46-01.jpg,1,,False
images/C0150301_r0_w0_2020-02-25_09-10-01.jpg,1,,False
images/C0150301_r0_w0_2020-02-25_09-34-01.jpg,1,,False
images/C0150301_r0_w0_2020-02-25_11-34-01.jpg,1,,False
images/C0150301_r0_w0_2020-02-25_16-10-01.jpg,1,,False
images/C0150301_r0_w0_2020-02-25_17-34-01.jpg,1,,False
images/C0150301_r0_w0_2020-02-26_08-58-01.jpg,1,,False
images/C0150301_r0_w0_2020-02-26_11-46-01.jpg,1,,False
images/C0150301_r0_w0_2020-02-26_15-58-01.jpg,1,,False
images/C0150301_r0_w0_2020-02-26_19-58-01.jpg,1,,False
images/C0150301_r0_w0_2020-02-27_01-58-01.jpg,1,,False
images/C0150301_r0_w0_2020-02-27_07-58-01.jpg,1,,False
images/C0150301_r0_w0_2020-02-27_13-58-01.jpg,1,,False
images/C0150301_r0_w0_2020-02-27_19-58-01.jpg,1,,False
images/C0150301_r0_w0_2020-02-28_01-58-01.jpg,1,,False
images/C0150301_r0_w0_2020-02-28_07-58-01.jpg,1,,False
images/C0150301_r0_w0_2020-02-28_13-58-01.jpg,1,,False
images/C0150301_r0_w0_2020-02-28_19-58-01.jpg,1,,False
images/C0150301_r0_w0_2020-02-29_01-58-01.jpg,1,,False
images/C0150301_r0_w0_2020-03-02_13-58-01.jpg,1,,False
images/C0150301_r0_w0_2020-03-02_19-58-01.jpg,1,,False
images/C0150301_r0_w0_2020-03-06_13-58-01.jpg,1,,False
images/C0150301_r0_w0_2020-03-07_13-58-01.jpg,1,,False
images/C0150301_r0_w0_2020-03-08_13-58-01.jpg,1,,False
images/C0150301_r0_w0_2020-03-09_07-58-01.jpg,1,,False
images/C0150301_r0_w0_2020-03-12_13-58-01.jpg,1,,False
images/C0150301_r0_w0_2020-03-13_13-58-01.jpg,1,,False
images/C0150301_r0_w0_2020-03-13_19-58-01.jpg,1,,False
images/C0150301_r0_w0_2020-03-14_01-58-01.jpg,1,,False
images/C0150301_r0_w0_2020-03-14_07-58-01.jpg,1,,False
images/C0150301_r0_w0_2020-03-14_13-58-01.jpg,1,,False
images/C0150301_r0_w0_2020-03-14_19-58-01.jpg,1,,False
images/C0150301_r0_w0_2020-03-15_01-58-01.jpg,1,,False
images/C0150301_r0_w0_2020-03-15_07-58-01.jpg,1,,False
images/C0150301_r0_w0_2020-03-15_13-58-01.jpg,1,,False
images/C0150301_r0_w0_2020-03-16_19-58-01.jpg,1,,False
images/C0150301_r0_w0_2020-03-17_01-58-01.jpg,1,,False
images/C0150301_r0_w0_2020-03-17_07-58-01.jpg,1,,False
images/C0150301_r0_w0_2020-03-17_19-58-01.jpg,1,,False
images/C0150301_r0_w0_2020-03-18_07-58-01.jpg,1,,False
images/C0150301_r0_w0_2020-03-19_13-58-01.jpg,1,,False
images/C0150301_r0_w0_2020-03-19_19-58-01.jpg,1,,False
images/C0150301_r0_w0_2020-03-20_01-58-01.jpg,1,,False
images/C0150301_r0_w0_2020-03-20_07-58-01.jpg,1,,False
images/C0150301_r0_w0_2020-03-20_13-58-01.jpg,1,,False
images/C0150301_r0_w0_2020-03-20_19-58-01.jpg,1,,False
images/C0150301_r0_w0_2020-03-21_01-58-01.jpg,1,,False
images/C0150301_r0_w0_2020-03-22_07-58-01.jpg,1,,False
images/C0150301_r0_w0_2020-03-22_13-58-01.jpg,1,,False
images/C0150301_r0_w0_2020-03-22_19-58-01.jpg,1,,False
images/C0150301_r0_w0_2020-03-23_01-58-01.jpg,1,,False
images/C0150301_r0_w0_2020-03-23_07-58-01.jpg,1,,False
images/C0150301_r0_w0_2020-03-23_13-58-01.jpg,1,,False
images/C0150301_r0_w0_2020-03-23_19-58-01.jpg,1,,False
images/C0150301_r0_w0_2020-03-24_01-58-01.jpg,1,,False
images/C0150301_r0_w0_2020-03-24_07-58-01.jpg,1,,False
images/C0150301_r0_w0_2020-03-24_13-58-01.jpg,1,,False
images/C0150301_r0_w0_2020-03-24_19-58-01.jpg,1,,False
images/C0150301_r0_w0_2020-03-25_07-58-01.jpg,1,,False
images/C0150301_r0_w0_2020-03-25_13-58-01.jpg,1,,False
images/C0150301_r0_w0_2020-03-25_19-58-01.jpg,1,,False
images/C0150301_r0_w0_2020-03-26_01-58-01.jpg,1,,False
images/C0150301_r0_w0_2020-03-26_07-58-01.jpg,1,,False
images/C0150301_r0_w0_2020-03-26_13-58-01.jpg,1,,False
images/C0150301_r0_w0_2020-03-26_19-58-01.jpg,1,,False
images/C0150301_r0_w0_2020-03-27_01-58-01.jpg,1,,False
images/C0150301_r0_w0_2020-03-27_07-58-01.jpg,1,,False
images/C0150301_r0_w0_2020-03-27_13-58-01.jpg,1,,False
images/C0150301_r0_w0_2020-03-27_19-58-01.jpg,1,,False
images/C0150301_r0_w0_2020-03-28_01-58-01.jpg,1,,False
images/C0150301_r0_w0_2020-03-28_07-58-01.jpg,1,,False
images/C0150301_r0_w0_2020-03-28_13-58-01.jpg,1,,False
images/C0150301_r0_w0_2020-03-28_19-58-01.jpg,1,,False
images/C0150301_r0_w0_2020-03-29_01-58-01.jpg,1,,False
images/C0150301_r0_w0_2020-03-29_07-58-01.jpg,1,,False
images/C0150301_r0_w0_2020-03-29_19-58-01.jpg,1,,False
images/C0150301_r0_w0_2020-03-30_01-58-01.jpg,1,,False
images/C0150301_r0_w0_2020-03-30_13-58-01.jpg,1,,False
images/C0150301_r0_w0_2020-03-30_19-58-01.jpg,1,,False
images/C0150301_r0_w0_2020-03-31_01-58-01.jpg,1,,False
images/C0150301_r0_w0_2020-03-31_07-58-01.jpg,1,,False
images/C0150301_r0_w0_2020-03-31_13-58-01.jpg,1,,False
images/C0150301_r0_w0_2020-04-01_07-58-01.jpg,1,,False
images/C0150301_r0_w0_2020-04-01_13-58-01.jpg,1,,False
images/C0150301_r0_w0_2020-04-01_19-58-01.jpg,1,,False
images/C0150301_r0_w0_2020-04-02_07-58-01.jpg,1,,False
images/C0150301_r0_w0_2020-04-02_13-58-01.jpg,1,,False
images/C0150301_r0_w0_2020-04-03_13-58-01.jpg,1,,False
images/C0150301_r0_w0_2020-04-03_19-58-01.jpg,1,,False
images/C0150301_r0_w0_2020-04-04_01-58-01.jpg,1,,False
images/C0150301_r0_w0_2020-04-04_07-58-01.jpg,1,,False
images/C0150301_r0_w0_2020-04-04_13-58-01.jpg,1,,False
images/C0150301_r0_w0_2020-04-04_19-58-01.jpg,1,,False
images/C0150301_r0_w0_2020-04-05_01-58-01.jpg,1,,False
images/C0150301_r0_w0_2020-04-05_07-58-01.jpg,1,,False
images/C0150301_r0_w0_2020-04-05_13-58-01.jpg,1,,False
images/C0150301_r0_w0_2020-04-05_19-58-01.jpg,1,,False
images/C0150301_r0_w0_2020-04-06_13-58-01.jpg,1,,False
images/C0150301_r0_w0_2020-04-06_19-58-01.jpg,1,,False
images/C0150301_r0_w0_2020-04-07_01-58-01.jpg,1,,False
images/C0150301_r0_w0_2020-04-07_07-58-01.jpg,1,,False
images/C0150301_r0_w0_2020-04-07_13-58-01.jpg,1,,False
images/C0150301_r0_w0_2020-04-08_07-58-01.jpg,1,,False
images/C0150301_r0_w0_2020-04-08_13-58-01.jpg,1,,False
images/C0150301_r0_w0_2020-04-08_19-58-01.jpg,1,,False
images/C0150301_r0_w0_2020-04-09_01-58-01.jpg,1,,False
images/C0150301_r0_w0_2020-04-09_07-58-01.jpg,1,,False
images/C0150301_r0_w0_2020-04-09_13-58-01.jpg,1,,False
images/C0150301_r0_w0_2020-04-09_19-58-01.jpg,1,,False
images/C0150301_r0_w0_2020-04-10_01-58-01.jpg,1,,False
images/C0150301_r0_w0_2020-04-10_07-58-01.jpg,1,,False
images/C0150301_r0_w0_2020-04-10_13-58-01.jpg,1,,False
images/C0150301_r0_w0_2020-04-10_19-58-01.jpg,1,,False
images/C0150301_r0_w0_2020-04-11_01-58-01.jpg,1,,False
images/C0150301_r0_w0_2020-04-11_07-58-01.jpg,1,,False
images/C0150301_r0_w0_2020-04-11_13-58-01.jpg,1,,False
images/C0150301_r0_w0_2020-04-11_19-58-01.jpg,1,,False
images/C0150301_r0_w0_2020-04-12_01-58-01.jpg,1,,False
images/C0150301_r0_w0_2020-04-13_03-34-01.jpg,1,,False
images/C0150301_r0_w0_2020-04-14_13-58-01.jpg,1,,False
images/C0150301_r0_w0_2020-04-15_13-58-01.jpg,1,,False
images/C0150301_r0_w0_2020-04-15_19-58-01.jpg,1,,False
images/C0150301_r0_w0_2020-04-16_13-58-01.jpg,1,,False
images/C0150301_r0_w0_2020-04-17_07-58-01.jpg,1,,False
images/C0150301_r0_w0_2020-04-17_13-58-01.jpg,1,,False
images/C0150301_r0_w0_2020-04-17_19-58-01.jpg,1,,False
images/C0150301_r0_w0_2020-04-18_01-58-01.jpg,1,,False
images/C0150301_r0_w0_2020-04-18_07-58-01.jpg,1,,False
images/C0150301_r0_w0_2020-04-18_13-58-01.jpg,1,,False
images/C0150301_r0_w0_2020-04-18_19-58-01.jpg,1,,False
images/C0150301_r0_w0_2020-04-19_01-58-01.jpg,1,,False
images/C0150301_r0_w0_2020-04-19_07-58-01.jpg,1,,False
images/C0150301_r0_w0_2020-04-19_13-58-01.jpg,1,,False
images/C0150301_r0_w0_2020-04-19_19-58-01.jpg,1,,False
images/C0150301_r0_w0_2020-04-20_01-58-01.jpg,1,,False
images/C0150301_r0_w0_2020-04-20_07-46-01.jpg,1,,False
images/C0150301_r0_w0_2020-04-20_13-58-01.jpg,1,,False
images/C0150301_r0_w0_2020-04-20_19-58-01.jpg,1,,False
images/C0150301_r0_w0_2020-04-21_01-58-01.jpg,1,,False
images/C0150301_r0_w0_2020-04-21_07-58-10.jpg,1,,False
images/C0150301_r0_w0_2020-04-21_13-58-10.jpg,1,,False
images/C0150301_r0_w0_2020-04-21_19-58-10.jpg,1,,False
images/C0150301_r0_w0_2020-04-22_01-58-10.jpg,1,,False
images/C0150301_r0_w0_2020-04-22_07-55-18.jpg,1,,False
images/C0150301_r0_w0_2020-04-22_13-55-18.jpg,1,,False
images/C0150301_r0_w0_2020-04-22_19-55-18.jpg,1,,False
images/C0150301_r0_w0_2020-04-23_01-55-18.jpg,1,,False
images/C0150301_r0_w0_2020-04-23_07-55-18.jpg,1,,False
images/C0150301_r0_w0_2020-04-23_13-55-18.jpg,1,,False
images/C0150301_r0_w0_2020-04-23_19-55-18.jpg,1,,False
images/C0150301_r0_w0_2020-04-24_01-55-18.jpg,1,,False
images/C0150301_r0_w0_2020-04-24_07-55-18.jpg,1,,False
images/C0150301_r0_w0_2020-04-24_13-55-18.jpg,1,,False
images/C0150301_r0_w0_2020-04-24_19-55-18.jpg,1,,False
images/C0150301_r0_w0_2020-04-25_01-55-18.jpg,1,,False
images/C0150301_r0_w0_2020-04-25_07-55-18.jpg,1,,False
images/C0150301_r0_w0_2020-04-25_13-55-18.jpg,1,,False
images/C0150301_r0_w0_2020-04-25_19-55-18.jpg,1,,False
images/C0150301_r0_w0_2020-04-26_01-55-18.jpg,1,,False
images/C0150301_r0_w0_2020-04-26_07-55-18.jpg,1,,False
images/C0150301_r0_w0_2020-04-26_13-55-18.jpg,1,,False
images/C0150301_r0_w0_2020-04-26_19-55-18.jpg,1,,False
images/C0150301_r0_w0_2020-04-27_01-55-18.jpg,1,,False
images/C0150301_r0_w0_2020-04-27_07-55-18.jpg,1,,False
images/C0150301_r0_w0_2020-04-27_13-55-18.jpg,1,,False
images/C0150301_r0_w0_2020-04-27_19-55-18.jpg,1,,False
images/C0150301_r0_w0_2020-04-28_01-55-18.jpg,1,,False
images/C0150301_r0_w0_2020-04-28_07-55-18.jpg,1,,False
images/C0150301_r0_w0_2020-04-28_19-55-18.jpg,1,,False
images/C0150301_r0_w0_2020-04-29_01-55-18.jpg,1,,False
images/C0150301_r0_w0_2020-04-29_07-43-18.jpg,1,,False
images/C0150301_r0_w0_2020-04-30_07-55-18.jpg,1,,False
images/C0150301_r0_w0_2020-04-30_13-55-18.jpg,1,,False
images/C0150301_r0_w0_2020-04-30_19-55-18.jpg,1,,False
images/C0150301_r0_w0_2020-05-01_01-55-18.jpg,1,,False
images/C0150301_r0_w0_2020-05-01_07-55-18.jpg,1,,False
images/C0150301_r0_w0_2020-05-01_13-55-18.jpg,1,,False
images/C0150301_r0_w0_2020-05-01_19-55-18.jpg,1,,False
images/C0150301_r0_w0_2020-05-02_01-55-18.jpg,1,,False
images/C0150301_r0_w0_2020-05-02_07-55-18.jpg,1,,False
images/C0150301_r0_w0_2020-05-03_13-55-18.jpg,1,,False
images/C0150301_r0_w0_2020-05-03_19-55-18.jpg,1,,False
images/C0150301_r0_w0_2020-05-04_01-55-18.jpg,1,,False
images/C0150301_r0_w0_2020-05-04_07-55-18.jpg,1,,False
images/C0150301_r0_w0_2020-05-04_13-55-18.jpg,1,,False
images/C0150301_r0_w0_2020-05-04_19-55-18.jpg,1,,False
images/C0150301_r0_w0_2020-05-05_01-55-18.jpg,1,,False
images/C0150301_r0_w0_2020-05-05_07-55-18.jpg,1,,False
images/C0150301_r0_w0_2020-05-05_13-55-18.jpg,1,,False
images/C0150301_r0_w0_2020-05-05_19-55-18.jpg,1,,False
images/C0150301_r0_w0_2020-05-06_01-55-18.jpg,1,,False
images/C0150301_r0_w0_2020-05-06_07-55-18.jpg,1,,False
images/C0150301_r0_w0_2020-05-06_13-55-18.jpg,1,,False
images/C0150301_r0_w0_2020-05-06_19-55-18.jpg,1,,False
images/C0150301_r0_w0_2020-05-07_01-55-18.jpg,1,,False
images/C0150301_r0_w0_2020-05-07_07-55-18.jpg,1,,False
images/C0150301_r0_w0_2020-05-07_13-55-18.jpg,1,,False
images/C0150301_r0_w1_2020-04-28_13-55-18.jpg,1,,False
images/C0150301_r0_w4_2020-02-29_07-58-01.jpg,1,,False
images/C0150301_r1_w0_2020-02-23_12-23-00.jpg,1,,False
images/C0150301_r1_w0_2020-02-23_22-23-00.jpg,1,,False
images/C0150301_r1_w0_2020-02-24_03-23-00.jpg,1,,False
images/C0150301_r1_w0_2020-03-03_07-58-01.jpg,1,,False
images/C0150301_r1_w0_2020-03-06_19-58-01.jpg,1,,False
images/C0150301_r1_w0_2020-03-07_01-58-01.jpg,1,,False
images/C0150301_r1_w0_2020-03-07_19-58-01.jpg,1,,False
images/C0150301_r1_w0_2020-03-08_01-58-01.jpg,1,,False
images/C0150301_r1_w0_2020-03-08_19-58-01.jpg,1,,False
images/C0150301_r1_w0_2020-03-09_01-58-01.jpg,1,,False
images/C0150301_r1_w0_2020-03-16_13-58-01.jpg,1,,False
images/C0150301_r1_w0_2020-03-17_13-58-01.jpg,1,,False
images/C0150301_r1_w0_2020-03-25_01-58-01.jpg,1,,False
images/C0150301_r1_w0_2020-04-01_01-58-01.jpg,1,,False
images/C0150301_r1_w0_2020-04-02_01-58-01.jpg,1,,False
images/C0150301_r1_w0_2020-04-06_07-58-01.jpg,1,,False
images/C0150301_r1_w0_2020-04-08_01-58-01.jpg,1,,False
images/C0150301_r1_w0_2020-04-30_00-19-18.jpg,1,,False
images/C0150301_r1_w0_2020-04-30_01-55-18.jpg,1,,False
images/C0150301_r1_w0_2020-05-03_07-55-18.jpg,1,,False
images/C0150301_r1_w1_2020-03-09_13-58-01.jpg,1,,False
images/C0150301_r1_w1_2020-04-14_05-10-01.jpg,1,,False
images/C0150301_r1_w4_2020-03-29_13-58-01.jpg,1,,False
images/C0150301_r2_w0_2020-02-21_15-23-00.jpg,1,,False
images/C0150301_r2_w0_2020-02-21_20-23-00.jpg,1,,False
images/C0150301_r2_w0_2020-02-22_01-23-00.jpg,1,,False
images/C0150301_r2_w0_2020-02-22_21-23-00.jpg,1,,False
images/C0150301_r2_w0_2020-02-23_02-23-00.jpg,1,,False
images/C0150301_r2_w0_2020-02-23_07-23-00.jpg,1,,False
images/C0150301_r2_w0_2020-03-01_13-58-01.jpg,1,,False
images/C0150301_r2_w0_2020-03-02_07-58-01.jpg,1,,False
images/C0150301_r2_w0_2020-03-03_01-58-01.jpg,1,,False
images/C0150301_r2_w0_2020-03-03_19-58-01.jpg,1,,False
images/C0150301_r2_w0_2020-03-04_01-58-01.jpg,1,,False
images/C0150301_r2_w0_2020-03-04_07-58-02.jpg,1,,False
images/C0150301_r2_w0_2020-03-04_19-58-01.jpg,1,,False
images/C0150301_r2_w0_2020-03-05_01-58-01.jpg,1,,False
images/C0150301_r2_w0_2020-03-05_07-58-01.jpg,1,,False
images/C0150301_r2_w0_2020-03-06_01-58-01.jpg,1,,False
images/C0150301_r2_w0_2020-03-06_07-58-01.jpg,1,,False
images/C0150301_r2_w0_2020-03-10_01-58-01.jpg,1,,False
images/C0150301_r2_w0_2020-03-10_13-58-01.jpg,1,,False
images/C0150301_r2_w0_2020-03-10_19-58-01.jpg,1,,False
images/C0150301_r2_w0_2020-03-11_19-58-01.jpg,1,,False
images/C0150301_r2_w0_2020-03-12_01-58-01.jpg,1,,False
images/C0150301_r2_w0_2020-03-12_07-58-01.jpg,1,,False
images/C0150301_r2_w0_2020-03-13_01-58-01.jpg,1,,False
images/C0150301_r2_w0_2020-03-13_07-58-01.jpg,1,,False
images/C0150301_r2_w0_2020-03-19_07-58-01.jpg,1,,False
images/C0150301_r2_w0_2020-03-21_07-58-01.jpg,1,,False
images/C0150301_r2_w0_2020-03-21_13-58-01.jpg,1,,False
images/C0150301_r2_w0_2020-04-07_19-58-01.jpg,1,,False
images/C0150301_r2_w0_2020-04-12_13-58-01.jpg,1,,False
images/C0150301_r2_w0_2020-04-12_19-58-01.jpg,1,,False
images/C0150301_r2_w0_2020-04-13_01-58-01.jpg,1,,False
images/C0150301_r2_w0_2020-04-13_03-34-01.jpg,1,,False
images/C0150301_r2_w0_2020-04-14_19-58-01.jpg,1,,False
images/C0150301_r2_w0_2020-04-15_07-58-01.jpg,1,,False
images/C0150301_r2_w0_2020-04-16_19-58-01.jpg,1,,False
images/C0150301_r2_w0_2020-04-29_19-55-18.jpg,1,,False
images/C0150301_r2_w0_2020-05-02_19-55-18.jpg,1,,False
images/C0150301_r2_w0_2020-05-03_01-55-18.jpg,1,,False
images/C0150301_r2_w1_2020-02-21_12-59-00.jpg,1,,False
images/C0150301_r2_w1_2020-02-22_06-23-00.jpg,1,,False
images/C0150301_r2_w1_2020-02-22_11-23-00.jpg,1,,False
images/C0150301_r2_w1_2020-02-22_16-23-00.jpg,1,,False
images/C0150301_r2_w1_2020-02-29_19-58-01.jpg,1,,False
images/C0150301_r2_w1_2020-03-01_19-58-01.jpg,1,,False
images/C0150301_r2_w1_2020-03-02_01-58-01.jpg,1,,False
images/C0150301_r2_w1_2020-03-04_13-58-01.jpg,1,,False
images/C0150301_r2_w1_2020-03-05_13-58-01.jpg,1,,False
images/C0150301_r2_w1_2020-03-05_19-58-01.jpg,1,,False
images/C0150301_r2_w1_2020-03-09_19-58-01.jpg,1,,False
images/C0150301_r2_w1_2020-03-10_07-58-01.jpg,1,,False
images/C0150301_r2_w1_2020-03-11_01-58-01.jpg,1,,False
images/C0150301_r2_w1_2020-03-11_07-58-01.jpg,1,,False
images/C0150301_r2_w1_2020-03-11_13-58-01.jpg,1,,False
images/C0150301_r2_w1_2020-03-12_19-58-01.jpg,1,,False
images/C0150301_r2_w1_2020-03-16_01-58-01.jpg,1,,False
images/C0150301_r2_w1_2020-03-16_07-58-01.jpg,1,,False
images/C0150301_r2_w1_2020-03-18_13-58-01.jpg,1,,False
images/C0150301_r2_w1_2020-03-18_19-58-01.jpg,1,,False
images/C0150301_r2_w1_2020-04-02_19-58-01.jpg,1,,False
images/C0150301_r2_w1_2020-04-06_01-58-01.jpg,1,,False
images/C0150301_r2_w1_2020-04-12_07-58-01.jpg,1,,False
images/C0150301_r2_w1_2020-04-16_01-58-01.jpg,1,,False
images/C0150301_r2_w1_2020-05-02_13-55-18.jpg,1,,False
images/C0150301_r2_w2_2020-03-03_13-58-01.jpg,1,,False
images/C0150301_r2_w4_2020-03-15_19-58-01.jpg,1,,False
images/C0150301_r2_w4_2020-03-30_07-58-01.jpg,1,,False
images/C0150301_r2_w4_2020-03-31_19-58-01.jpg,1,,False
images/C0150301_r2_w4_2020-04-03_07-58-01.jpg,1,,False
images/C0150301_r2_w4_2020-04-16_07-46-01.jpg,1,,False
images/C0150301_r3_w0_2020-03-01_01-58-01.jpg,1,,False
images/C0150301_r3_w0_2020-03-07_07-58-01.jpg,1,,False
images/C0150301_r3_w0_2020-03-18_01-58-01.jpg,1,,False
images/C0150301_r3_w0_2020-03-19_01-58-01.jpg,1,,False
images/C0150301_r3_w0_2020-04-29_13-55-18.jpg,1,,False
images/C0150301_r3_w4_2020-03-01_07-58-01.jpg,1,,False
images/C0150301_r3_w4_2020-04-15_01-58-01.jpg,1,,False
images/C0150301_r5_w5_2020-04-03_01-58-01.jpg,1,,False
images/C0150301_r6_w0_2020-03-22_01-58-01.jpg,1,,False
images/C0150301_r6_w0_2020-04-17_01-58-01.jpg,1,,False
images/C0150301_r7_w0_2020-02-29_13-58-01.jpg,1,,False
images/C0150301_r7_w0_2020-03-08_07-58-01.jpg,1,,False
images/C0150301_r7_w0_2020-03-21_19-58-01.jpg,1,,False
images/C0150302_r0_w0_2020-02-23_17-23-26.jpg,1,,False
images/C0150302_r0_w0_2020-02-24_08-23-26.jpg,1,,False
images/C0150302_r0_w0_2020-02-24_09-35-27.jpg,1,,False
images/C0150302_r0_w0_2020-02-24_13-23-27.jpg,1,,False
images/C0150302_r0_w0_2020-02-24_15-59-26.jpg,1,,False
images/C0150302_r0_w0_2020-02-24_18-23-26.jpg,1,,False
images/C0150302_r0_w0_2020-02-24_23-23-26.jpg,1,,False
images/C0150302_r0_w0_2020-02-25_04-23-26.jpg,1,,False
images/C0150302_r0_w0_2020-02-25_08-10-28.jpg,1,,False
images/C0150302_r0_w0_2020-02-25_08-46-28.jpg,1,,False
images/C0150302_r0_w0_2020-02-25_09-10-28.jpg,1,,False
images/C0150302_r0_w0_2020-02-25_09-34-29.jpg,1,,False
images/C0150302_r0_w0_2020-02-25_11-34-28.jpg,1,,False
images/C0150302_r0_w0_2020-02-25_16-10-28.jpg,1,,False
images/C0150302_r0_w0_2020-02-25_17-34-28.jpg,1,,False
images/C0150302_r0_w0_2020-02-26_08-58-28.jpg,1,,False
images/C0150302_r0_w0_2020-02-26_11-46-28.jpg,1,,False
images/C0150302_r0_w0_2020-02-26_15-58-28.jpg,1,,False
images/C0150302_r0_w0_2020-02-26_19-58-28.jpg,1,,False
images/C0150302_r0_w0_2020-02-27_01-58-28.jpg,1,,False
images/C0150302_r0_w0_2020-02-27_07-58-28.jpg,1,,False
images/C0150302_r0_w0_2020-02-27_13-58-28.jpg,1,,False
images/C0150302_r0_w0_2020-02-27_19-58-28.jpg,1,,False
images/C0150302_r0_w0_2020-02-28_01-58-28.jpg,1,,False
images/C0150302_r0_w0_2020-02-28_07-58-28.jpg,1,,False
images/C0150302_r0_w0_2020-02-28_13-58-28.jpg,1,,False
images/C0150302_r0_w0_2020-02-28_19-58-28.jpg,1,,False
images/C0150302_r0_w0_2020-02-29_01-58-28.jpg,1,,False
images/C0150302_r0_w0_2020-03-02_13-58-28.jpg,1,,False
images/C0150302_r0_w0_2020-03-02_19-58-28.jpg,1,,False
images/C0150302_r0_w0_2020-03-06_13-58-28.jpg,1,,False
images/C0150302_r0_w0_2020-03-07_13-58-28.jpg,1,,False
images/C0150302_r0_w0_2020-03-08_13-58-28.jpg,1,,False
images/C0150302_r0_w0_2020-03-09_07-58-28.jpg,1,,False
images/C0150302_r0_w0_2020-03-12_13-58-28.jpg,1,,False
images/C0150302_r0_w0_2020-03-13_13-58-28.jpg,1,,False
images/C0150302_r0_w0_2020-03-13_19-58-28.jpg,1,,False
images/C0150302_r0_w0_2020-03-14_01-58-28.jpg,1,,False
images/C0150302_r0_w0_2020-03-14_07-58-28.jpg,1,,False
images/C0150302_r0_w0_2020-03-14_13-58-28.jpg,1,,False
images/C0150302_r0_w0_2020-03-14_19-58-28.jpg,1,,False
images/C0150302_r0_w0_2020-03-15_01-58-28.jpg,1,,False
images/C0150302_r0_w0_2020-03-15_07-58-30.jpg,1,,False
images/C0150302_r0_w0_2020-03-15_13-58-28.jpg,1,,False
images/C0150302_r0_w0_2020-03-16_19-58-28.jpg,1,,False
images/C0150302_r0_w0_2020-03-17_01-58-28.jpg,1,,False
images/C0150302_r0_w0_2020-03-17_07-58-28.jpg,1,,False
images/C0150302_r0_w0_2020-03-17_19-58-28.jpg,1,,False
images/C0150302_r0_w0_2020-03-18_07-58-28.jpg,1,,False
images/C0150302_r0_w0_2020-03-19_13-58-28.jpg,1,,False
images/C0150302_r0_w0_2020-03-19_19-58-28.jpg,1,,False
images/C0150302_r0_w0_2020-03-20_01-58-28.jpg,1,,False
images/C0150302_r0_w0_2020-03-20_07-58-28.jpg,1,,False
images/C0150302_r0_w0_2020-03-20_13-58-28.jpg,1,,False
images/C0150302_r0_w0_2020-03-20_19-58-28.jpg,1,,False
images/C0150302_r0_w0_2020-03-21_01-58-28.jpg,1,,False
images/C0150302_r0_w0_2020-03-22_07-58-29.jpg,1,,False
images/C0150302_r0_w0_2020-03-22_13-58-28.jpg,1,,False
images/C0150302_r0_w0_2020-03-22_19-58-28.jpg,1,,False
images/C0150302_r0_w0_2020-03-23_01-58-28.jpg,1,,False
images/C0150302_r0_w0_2020-03-23_07-58-28.jpg,1,,False
images/C0150302_r0_w0_2020-03-23_13-58-28.jpg,1,,False
images/C0150302_r0_w0_2020-03-23_19-58-28.jpg,1,,False
images/C0150302_r0_w0_2020-03-24_01-58-28.jpg,1,,False
images/C0150302_r0_w0_2020-03-24_07-46-28.jpg,1,,False
images/C0150302_r0_w0_2020-03-24_13-58-28.jpg,1,,False
images/C0150302_r0_w0_2020-03-24_19-58-28.jpg,1,,False
images/C0150302_r0_w0_2020-03-25_07-58-28.jpg,1,,False
images/C0150302_r0_w0_2020-03-25_13-58-28.jpg,1,,False
images/C0150302_r0_w0_2020-03-25_19-58-28.jpg,1,,False
images/C0150302_r0_w0_2020-03-26_01-58-28.jpg,1,,False
images/C0150302_r0_w0_2020-03-26_07-58-28.jpg,1,,False
images/C0150302_r0_w0_2020-03-26_13-58-29.jpg,1,,False
images/C0150302_r0_w0_2020-03-26_19-58-28.jpg,1,,False
images/C0150302_r0_w0_2020-03-27_01-58-28.jpg,1,,False
images/C0150302_r0_w0_2020-03-27_07-58-28.jpg,1,,False
images/C0150302_r0_w0_2020-03-27_13-58-28.jpg,1,,False
images/C0150302_r0_w0_2020-03-27_19-58-28.jpg,1,,False
images/C0150302_r0_w0_2020-03-28_01-58-28.jpg,1,,False
images/C0150302_r0_w0_2020-03-28_07-58-28.jpg,1,,False
images/C0150302_r0_w0_2020-03-28_13-58-28.jpg,1,,False
images/C0150302_r0_w0_2020-03-28_19-58-28.jpg,1,,False
images/C0150302_r0_w0_2020-03-29_01-58-28.jpg,1,,False
images/C0150302_r0_w0_2020-03-29_07-58-28.jpg,1,,False
images/C0150302_r0_w0_2020-03-29_19-58-28.jpg,1,,False
images/C0150302_r0_w0_2020-03-30_01-58-28.jpg,1,,False
images/C0150302_r0_w0_2020-03-30_13-58-28.jpg,1,,False
images/C0150302_r0_w0_2020-03-30_19-58-28.jpg,1,,False
images/C0150302_r0_w0_2020-03-31_01-58-28.jpg,1,,False
images/C0150302_r0_w0_2020-03-31_07-58-28.jpg,1,,False
images/C0150302_r0_w0_2020-03-31_13-58-28.jpg,1,,False
images/C0150302_r0_w0_2020-04-01_07-58-28.jpg,1,,False
images/C0150302_r0_w0_2020-04-01_13-58-29.jpg,1,,False
images/C0150302_r0_w0_2020-04-01_19-58-28.jpg,1,,False
images/C0150302_r0_w0_2020-04-02_07-58-28.jpg,1,,False
images/C0150302_r0_w0_2020-04-02_13-58-28.jpg,1,,False
images/C0150302_r0_w0_2020-04-03_13-58-29.jpg,1,,False
images/C0150302_r0_w0_2020-04-03_19-58-28.jpg,1,,False
images/C0150302_r0_w0_2020-04-04_01-58-28.jpg,1,,False
images/C0150302_r0_w0_2020-04-04_07-58-29.jpg,1,,False
images/C0150302_r0_w0_2020-04-04_13-58-29.jpg,1,,False
images/C0150302_r0_w0_2020-04-04_19-58-28.jpg,1,,False
images/C0150302_r0_w0_2020-04-05_01-58-28.jpg,1,,False
images/C0150302_r0_w0_2020-04-05_07-58-28.jpg,1,,False
images/C0150302_r0_w0_2020-04-05_13-58-29.jpg,1,,False
images/C0150302_r0_w0_2020-04-05_19-58-28.jpg,1,,False
images/C0150302_r0_w0_2020-04-06_13-58-29.jpg,1,,False
images/C0150302_r0_w0_2020-04-06_19-58-28.jpg,1,,False
images/C0150302_r0_w0_2020-04-07_01-58-28.jpg,1,,False
images/C0150302_r0_w0_2020-04-07_07-58-28.jpg,1,,False
images/C0150302_r0_w0_2020-04-07_13-58-28.jpg,1,,False
images/C0150302_r0_w0_2020-04-08_07-58-29.jpg,1,,False
images/C0150302_r0_w0_2020-04-08_13-58-28.jpg,1,,False
images/C0150302_r0_w0_2020-04-08_19-58-28.jpg,1,,False
images/C0150302_r0_w0_2020-04-09_01-58-28.jpg,1,,False
images/C0150302_r0_w0_2020-04-09_07-58-29.jpg,1,,False
images/C0150302_r0_w0_2020-04-09_13-58-28.jpg,1,,False
images/C0150302_r0_w0_2020-04-09_19-58-28.jpg,1,,False
images/C0150302_r0_w0_2020-04-10_01-58-28.jpg,1,,False
images/C0150302_r0_w0_2020-04-10_07-58-29.jpg,1,,False
images/C0150302_r0_w0_2020-04-10_13-58-28.jpg,1,,False
images/C0150302_r0_w0_2020-04-10_19-58-28.jpg,1,,False
images/C0150302_r0_w0_2020-04-11_01-58-28.jpg,1,,False
images/C0150302_r0_w0_2020-04-11_07-58-28.jpg,1,,False
images/C0150302_r0_w0_2020-04-11_13-58-28.jpg,1,,False
images/C0150302_r0_w0_2020-04-11_19-58-28.jpg,1,,False
images/C0150302_r0_w0_2020-04-12_01-58-28.jpg,1,,False
images/C0150302_r0_w0_2020-04-13_03-34-28.jpg,1,,False
images/C0150302_r0_w0_2020-04-14_13-58-29.jpg,1,,False
images/C0150302_r0_w0_2020-04-15_13-58-28.jpg,1,,False
images/C0150302_r0_w0_2020-04-15_19-58-28.jpg,1,,False
images/C0150302_r0_w0_2020-04-16_13-58-28.jpg,1,,False
images/C0150302_r0_w0_2020-04-17_07-58-28.jpg,1,,False
images/C0150302_r0_w0_2020-04-17_13-58-29.jpg,1,,False
images/C0150302_r0_w0_2020-04-17_19-58-28.jpg,1,,False
images/C0150302_r0_w0_2020-04-18_01-58-28.jpg,1,,False
images/C0150302_r0_w0_2020-04-18_07-58-28.jpg,1,,False
images/C0150302_r0_w0_2020-04-18_13-58-28.jpg,1,,False
images/C0150302_r0_w0_2020-04-18_19-58-28.jpg,1,,False
images/C0150302_r0_w0_2020-04-19_01-58-28.jpg,1,,False
images/C0150302_r0_w0_2020-04-19_07-58-29.jpg,1,,False
images/C0150302_r0_w0_2020-04-19_13-58-29.jpg,1,,False
images/C0150302_r0_w0_2020-04-19_19-58-28.jpg,1,,False
images/C0150302_r0_w0_2020-04-20_01-58-28.jpg,1,,False
images/C0150302_r0_w0_2020-04-20_07-46-28.jpg,1,,False
images/C0150302_r0_w0_2020-04-20_13-58-28.jpg,1,,False
images/C0150302_r0_w0_2020-04-20_19-58-28.jpg,1,,False
images/C0150302_r0_w0_2020-04-21_01-58-28.jpg,1,,False
images/C0150302_r0_w0_2020-04-21_07-58-38.jpg,1,,False
images/C0150302_r0_w0_2020-04-21_13-58-38.jpg,1,,False
images/C0150302_r0_w0_2020-04-21_19-58-37.jpg,1,,False
images/C0150302_r0_w0_2020-04-22_01-58-37.jpg,1,,False
images/C0150302_r0_w0_2020-04-22_07-55-45.jpg,1,,False
images/C0150302_r0_w0_2020-04-22_13-55-46.jpg,1,,False
images/C0150302_r0_w0_2020-04-22_19-55-44.jpg,1,,False
images/C0150302_r0_w0_2020-04-23_01-55-44.jpg,1,,False
images/C0150302_r0_w0_2020-04-23_07-55-45.jpg,1,,False
images/C0150302_r0_w0_2020-04-23_13-55-45.jpg,1,,False
images/C0150302_r0_w0_2020-04-23_19-55-44.jpg,1,,False
images/C0150302_r0_w0_2020-04-24_01-55-44.jpg,1,,False
images/C0150302_r0_w0_2020-04-24_07-55-45.jpg,1,,False
images/C0150302_r0_w0_2020-04-24_13-55-45.jpg,1,,False
images/C0150302_r0_w0_2020-04-24_19-55-44.jpg,1,,False
images/C0150302_r0_w0_2020-04-25_01-55-44.jpg,1,,False
images/C0150302_r0_w0_2020-04-25_07-55-45.jpg,1,,False
images/C0150302_r0_w0_2020-04-25_13-55-45.jpg,1,,False
images/C0150302_r0_w0_2020-04-25_19-55-45.jpg,1,,False
images/C0150302_r0_w0_2020-04-26_01-55-44.jpg,1,,False
images/C0150302_r0_w0_2020-04-26_07-55-45.jpg,1,,False
images/C0150302_r0_w0_2020-04-26_13-55-45.jpg,1,,False
images/C0150302_r0_w0_2020-04-26_19-55-45.jpg,1,,False
images/C0150302_r0_w0_2020-04-27_01-55-45.jpg,1,,False
images/C0150302_r0_w0_2020-04-27_07-55-45.jpg,1,,False
images/C0150302_r0_w0_2020-04-27_13-55-45.jpg,1,,False
images/C0150302_r0_w0_2020-04-27_19-55-44.jpg,1,,False
images/C0150302_r0_w0_2020-04-28_01-55-44.jpg,1,,False
images/C0150302_r0_w0_2020-04-28_07-55-45.jpg,1,,False
images/C0150302_r0_w0_2020-04-28_19-55-44.jpg,1,,False
images/C0150302_r0_w0_2020-04-29_01-55-44.jpg,1,,False
images/C0150302_r0_w0_2020-04-29_07-31-45.jpg,1,,False
images/C0150302_r0_w0_2020-04-30_07-55-45.jpg,1,,False
images/C0150302_r0_w0_2020-04-30_13-55-45.jpg,1,,False
images/C0150302_r0_w0_2020-04-30_19-55-44.jpg,1,,False
images/C0150302_r0_w0_2020-05-01_01-55-44.jpg,1,,False
images/C0150302_r0_w0_2020-05-01_07-55-45.jpg,1,,False
images/C0150302_r0_w0_2020-05-01_13-55-45.jpg,1,,False
images/C0150302_r0_w0_2020-05-01_19-55-44.jpg,1,,False
images/C0150302_r0_w0_2020-05-02_01-55-44.jpg,1,,False
images/C0150302_r0_w0_2020-05-02_07-55-45.jpg,1,,False
images/C0150302_r0_w0_2020-05-03_13-55-45.jpg,1,,False
images/C0150302_r0_w0_2020-05-03_19-55-44.jpg,1,,False
images/C0150302_r0_w0_2020-05-04_01-55-44.jpg,1,,False
images/C0150302_r0_w0_2020-05-04_07-55-45.jpg,1,,False
images/C0150302_r0_w0_2020-05-04_13-55-45.jpg,1,,False
images/C0150302_r0_w0_2020-05-04_19-55-44.jpg,1,,False
images/C0150302_r0_w0_2020-05-05_01-55-44.jpg,1,,False
images/C0150302_r0_w0_2020-05-05_07-55-45.jpg,1,,False
images/C0150302_r0_w0_2020-05-05_13-55-45.jpg,1,,False
images/C0150302_r0_w0_2020-05-05_19-55-44.jpg,1,,False
images/C0150302_r0_w0_2020-05-06_01-55-45.jpg,1,,False
images/C0150302_r0_w0_2020-05-06_07-55-45.jpg,1,,False
images/C0150302_r0_w0_2020-05-06_13-55-45.jpg,1,,False
images/C0150302_r0_w0_2020-05-06_19-55-44.jpg,1,,False
images/C0150302_r0_w0_2020-05-07_01-55-45.jpg,1,,False
images/C0150302_r0_w0_2020-05-07_07-55-45.jpg,1,,False
images/C0150302_r0_w0_2020-05-07_13-55-45.jpg,1,,False
images/C0150302_r0_w1_2020-04-28_13-55-45.jpg,1,,False
images/C0150302_r0_w4_2020-02-29_07-58-28.jpg,1,,False
images/C0150302_r1_w0_2020-02-23_12-23-27.jpg,1,,False
images/C0150302_r1_w0_2020-02-23_22-23-26.jpg,1,,False
images/C0150302_r1_w0_2020-02-24_03-23-26.jpg,1,,False
images/C0150302_r1_w0_2020-03-03_07-58-28.jpg,1,,False
images/C0150302_r1_w0_2020-03-06_19-58-28.jpg,1,,False
images/C0150302_r1_w0_2020-03-07_01-58-28.jpg,1,,False
images/C0150302_r1_w0_2020-03-07_19-58-28.jpg,1,,False
images/C0150302_r1_w0_2020-03-08_01-58-28.jpg,1,,False
images/C0150302_r1_w0_2020-03-08_19-58-28.jpg,1,,False
images/C0150302_r1_w0_2020-03-09_01-58-28.jpg,1,,False
images/C0150302_r1_w0_2020-03-16_13-58-29.jpg,1,,False
images/C0150302_r1_w0_2020-03-17_13-58-28.jpg,1,,False
images/C0150302_r1_w0_2020-03-25_01-58-28.jpg,1,,False
images/C0150302_r1_w0_2020-04-01_01-58-28.jpg,1,,False
images/C0150302_r1_w0_2020-04-02_01-58-28.jpg,1,,False
images/C0150302_r1_w0_2020-04-06_07-58-28.jpg,1,,False
images/C0150302_r1_w0_2020-04-08_01-58-28.jpg,1,,False
images/C0150302_r1_w0_2020-04-30_00-19-45.jpg,1,,False
images/C0150302_r1_w0_2020-04-30_01-55-44.jpg,1,,False
images/C0150302_r1_w0_2020-05-03_07-55-46.jpg,1,,False
images/C0150302_r1_w1_2020-03-09_13-58-28.jpg,1,,False
images/C0150302_r1_w1_2020-04-14_05-10-28.jpg,1,,False
images/C0150302_r1_w4_2020-03-29_13-58-28.jpg,1,,False
images/C0150302_r2_w0_2020-02-21_15-23-26.jpg,1,,False
images/C0150302_r2_w0_2020-02-21_20-23-26.jpg,1,,False
images/C0150302_r2_w0_2020-02-22_01-23-26.jpg,1,,False
images/C0150302_r2_w0_2020-02-22_21-23-26.jpg,1,,False
images/C0150302_r2_w0_2020-02-23_02-23-26.jpg,1,,False
images/C0150302_r2_w0_2020-02-23_07-23-27.jpg,1,,False
images/C0150302_r2_w0_2020-03-01_13-58-28.jpg,1,,False
images/C0150302_r2_w0_2020-03-02_07-58-28.jpg,1,,False
images/C0150302_r2_w0_2020-03-03_01-58-28.jpg,1,,False
images/C0150302_r2_w0_2020-03-03_19-58-28.jpg,1,,False
images/C0150302_r2_w0_2020-03-04_01-58-28.jpg,1,,False
images/C0150302_r2_w0_2020-03-04_07-58-36.jpg,1,,False
images/C0150302_r2_w0_2020-03-04_19-58-28.jpg,1,,False
images/C0150302_r2_w0_2020-03-05_01-58-28.jpg,1,,False
images/C0150302_r2_w0_2020-03-05_07-58-28.jpg,1,,False
images/C0150302_r2_w0_2020-03-06_01-58-28.jpg,1,,False
images/C0150302_r2_w0_2020-03-06_07-58-28.jpg,1,,False
images/C0150302_r2_w0_2020-03-10_01-58-28.jpg,1,,False
images/C0150302_r2_w0_2020-03-10_13-58-28.jpg,1,,False
images/C0150302_r2_w0_2020-03-10_19-58-28.jpg,1,,False
images/C0150302_r2_w0_2020-03-11_19-58-28.jpg,1,,False
images/C0150302_r2_w0_2020-03-12_01-58-28.jpg,1,,False
images/C0150302_r2_w0_2020-03-12_07-58-28.jpg,1,,False
images/C0150302_r2_w0_2020-03-13_01-58-28.jpg,1,,False
images/C0150302_r2_w0_2020-03-13_07-58-28.jpg,1,,False
images/C0150302_r2_w0_2020-03-19_07-58-28.jpg,1,,False
images/C0150302_r2_w0_2020-03-21_07-58-28.jpg,1,,False
images/C0150302_r2_w0_2020-03-21_13-58-28.jpg,1,,False
images/C0150302_r2_w0_2020-04-07_19-58-28.jpg,1,,False
images/C0150302_r2_w0_2020-04-12_13-58-28.jpg,1,,False
images/C0150302_r2_w0_2020-04-12_19-58-28.jpg,1,,False
images/C0150302_r2_w0_2020-04-13_01-58-28.jpg,1,,False
images/C0150302_r2_w0_2020-04-13_03-34-28.jpg,1,,False
images/C0150302_r2_w0_2020-04-14_19-58-28.jpg,1,,False
images/C0150302_r2_w0_2020-04-15_07-58-28.jpg,1,,False
images/C0150302_r2_w0_2020-04-16_19-58-28.jpg,1,,False
images/C0150302_r2_w0_2020-04-29_19-55-45.jpg,1,,False
images/C0150302_r2_w0_2020-05-02_19-55-45.jpg,1,,False
images/C0150302_r2_w0_2020-05-03_01-55-44.jpg,1,,False
images/C0150302_r2_w1_2020-02-21_12-59-26.jpg,1,,False
images/C0150302_r2_w1_2020-02-22_06-23-26.jpg,1,,False
images/C0150302_r2_w1_2020-02-22_11-23-26.jpg,1,,False
images/C0150302_r2_w1_2020-02-22_16-23-26.jpg,1,,False
images/C0150302_r2_w1_2020-02-29_19-58-28.jpg,1,,False
images/C0150302_r2_w1_2020-03-01_19-58-28.jpg,1,,False
images/C0150302_r2_w1_2020-03-02_01-58-28.jpg,1,,False
images/C0150302_r2_w1_2020-03-04_13-58-28.jpg,1,,False
images/C0150302_r2_w1_2020-03-05_13-58-28.jpg,1,,False
images/C0150302_r2_w1_2020-03-05_19-58-28.jpg,1,,False
images/C0150302_r2_w1_2020-03-09_19-58-28.jpg,1,,False
images/C0150302_r2_w1_2020-03-10_07-58-28.jpg,1,,False
images/C0150302_r2_w1_2020-03-11_01-58-28.jpg,1,,False
images/C0150302_r2_w1_2020-03-11_07-46-28.jpg,1,,False
images/C0150302_r2_w1_2020-03-11_13-58-28.jpg,1,,False
images/C0150302_r2_w1_2020-03-12_19-58-28.jpg,1,,False
images/C0150302_r2_w1_2020-03-16_01-58-28.jpg,1,,False
images/C0150302_r2_w1_2020-03-16_07-58-28.jpg,1,,False
images/C0150302_r2_w1_2020-03-18_13-58-28.jpg,1,,False
images/C0150302_r2_w1_2020-03-18_19-58-28.jpg,1,,False
images/C0150302_r2_w1_2020-04-02_19-58-28.jpg,1,,False
images/C0150302_r2_w1_2020-04-06_01-58-28.jpg,1,,False
images/C0150302_r2_w1_2020-04-12_07-58-28.jpg,1,,False
images/C0150302_r2_w1_2020-04-16_01-58-28.jpg,1,,False
images/C0150302_r2_w1_2020-05-02_13-55-45.jpg,1,,False
images/C0150302_r2_w2_2020-03-03_13-58-28.jpg,1,,False
images/C0150302_r2_w4_2020-03-15_19-58-28.jpg,1,,False
images/C0150302_r2_w4_2020-03-30_07-58-28.jpg,1,,False
images/C0150302_r2_w4_2020-03-31_19-58-28.jpg,1,,False
